withheld_id,category
c0e08e1c10b1d72e,不属于固定顺序B2最小运行与验证闭包
d8d9f2c5861430bd,不属于固定顺序B2最小运行与验证闭包
3ae378fc52068828,不属于固定顺序B2最小运行与验证闭包
35c7f38fff10ff3f,不属于固定顺序B2最小运行与验证闭包
93e9d448c2626418,不属于固定顺序B2最小运行与验证闭包
048340298616548b,不属于固定顺序B2最小运行与验证闭包
6c1b3be0c4e37e45,不属于固定顺序B2最小运行与验证闭包
abfe04f0665e0f24,不属于固定顺序B2最小运行与验证闭包
b28b3eb5bee9d0fa,不属于固定顺序B2最小运行与验证闭包
bd2a85b7e19b4bf6,不属于固定顺序B2最小运行与验证闭包
9f38685051a0f5dc,历史或后续研究方法实现，不公开
c8985548573b37dd,不属于固定顺序B2最小运行与验证闭包
3baaee5d4b8f4a46,不属于固定顺序B2最小运行与验证闭包
6f09a824be9ec82f,不属于固定顺序B2最小运行与验证闭包
10bad92038aaa874,不属于固定顺序B2最小运行与验证闭包
6fcb2a52f41c97bc,不属于固定顺序B2最小运行与验证闭包
71ce39432f0117d7,不属于固定顺序B2最小运行与验证闭包
2d0d71a291d283fd,不属于固定顺序B2最小运行与验证闭包
582565ee4f25fbf0,不属于固定顺序B2最小运行与验证闭包
78e1c47b23611837,不属于固定顺序B2最小运行与验证闭包
492fb3b7c8e5feba,不属于固定顺序B2最小运行与验证闭包
7142ddb397cce62c,不属于固定顺序B2最小运行与验证闭包
1bf3b9a904b7d725,不属于固定顺序B2最小运行与验证闭包
e7d7ac230fb229ff,不属于固定顺序B2最小运行与验证闭包
d63f43afc66813f9,不属于固定顺序B2最小运行与验证闭包
567fea92b5398448,历史或后续研究方法实现，不公开
7149e8bf643952ca,不属于固定顺序B2最小运行与验证闭包
b289f85700bc8d15,历史或后续研究方法实现，不公开
f83b25b621cbbecc,历史或后续研究方法实现，不公开
6e4958e65a6b12ed,不属于固定顺序B2最小运行与验证闭包
7b52f80074c210c6,历史或后续研究方法实现，不公开
5d383206a0b2c50f,不属于固定顺序B2最小运行与验证闭包
9755aac3e1996b14,不属于固定顺序B2最小运行与验证闭包
fe3d0a9485c21997,历史或后续研究方法实现，不公开
2420e24eae6798ab,历史或后续研究方法实现，不公开
8fab64a117eaa6e1,历史或后续研究方法实现，不公开
724fdd5a36f1b32a,不属于固定顺序B2最小运行与验证闭包
f9319e5f457da4a5,不属于固定顺序B2最小运行与验证闭包
5b956891997d0a60,不属于固定顺序B2最小运行与验证闭包
bcae1ed4383c0744,不属于固定顺序B2最小运行与验证闭包
6f0d74fa3f9fe7f9,不属于固定顺序B2最小运行与验证闭包
7e4e956ab9ba6123,不属于固定顺序B2最小运行与验证闭包
b59b149bd2519355,不属于固定顺序B2最小运行与验证闭包
86ef5549564f8176,不属于固定顺序B2最小运行与验证闭包
f63ba1dcd9afe95b,不属于固定顺序B2最小运行与验证闭包
3138639223261096,不属于固定顺序B2最小运行与验证闭包
f17deb75aa33538d,历史或后续研究方法实现，不公开
23d1bd888b22ccac,历史或后续研究方法实现，不公开
07b8197345fe9266,不属于固定顺序B2最小运行与验证闭包
3d09a57070644cd1,不属于固定顺序B2最小运行与验证闭包
d27866bc791a9f2a,不属于固定顺序B2最小运行与验证闭包
d3a7ad317df048bb,不属于固定顺序B2最小运行与验证闭包
dc760d539a04f012,历史或后续研究方法实现，不公开
c40e226a9bdd92ea,不属于固定顺序B2最小运行与验证闭包
1357a2b5d4702374,历史或后续研究方法实现，不公开
b39e50122a1f5bd0,历史或后续研究方法实现，不公开
423f7b44c8f96b8e,不属于固定顺序B2最小运行与验证闭包
a3a65f7d1396f35f,不属于固定顺序B2最小运行与验证闭包
fba18ec1770d6c56,不属于固定顺序B2最小运行与验证闭包
e09afe1d500aff02,不属于固定顺序B2最小运行与验证闭包
e3f68f048617ce5a,不属于固定顺序B2最小运行与验证闭包
ed08346bcaaa944a,不属于固定顺序B2最小运行与验证闭包
8c3a9af689ff3ddd,不属于固定顺序B2最小运行与验证闭包
3efc84e4fec20e61,不属于固定顺序B2最小运行与验证闭包
c49ae74e15e357b2,历史或后续研究方法实现，不公开
8980b8ed8699bcef,不属于固定顺序B2最小运行与验证闭包
4db973586d3ddef4,不属于固定顺序B2最小运行与验证闭包
85b795b931dd65bd,不属于固定顺序B2最小运行与验证闭包
d0a0ae26badd676c,不属于固定顺序B2最小运行与验证闭包
082aff313b3926b6,不属于固定顺序B2最小运行与验证闭包
0a1e85d67186546e,不属于固定顺序B2最小运行与验证闭包
c1da58859d8ac590,不属于固定顺序B2最小运行与验证闭包
e4c38a039fa08f88,不属于固定顺序B2最小运行与验证闭包
d9fe3b1812802e4b,不属于固定顺序B2最小运行与验证闭包
1ec40e482807ef9a,不属于固定顺序B2最小运行与验证闭包
5ec6b4cc3cc39074,不属于固定顺序B2最小运行与验证闭包
de56a8c784508714,不属于固定顺序B2最小运行与验证闭包
21699263fee013a0,历史或后续研究方法实现，不公开
588ad00e38067bc9,不属于固定顺序B2最小运行与验证闭包
c621607fb89dd3b8,历史或后续研究方法实现，不公开
fe2da513c1e6d861,历史或后续研究方法实现，不公开
6784ffc093ae9fbc,历史或后续研究方法实现，不公开
d01f2ef091d9d08f,历史或后续研究方法实现，不公开
406d1bdc3d708f6a,历史或后续研究方法实现，不公开
14f27c50b1c21cee,历史或后续研究方法实现，不公开
8d8485b7869c770b,历史或后续研究方法实现，不公开
76195b6775d0c8eb,历史或后续研究方法实现，不公开
299a5936dd04e3f8,不属于固定顺序B2最小运行与验证闭包
158531396898d295,不属于固定顺序B2最小运行与验证闭包
f2e86702ed574987,历史或后续研究方法实现，不公开
55823bc8fcf9c371,历史或后续研究方法实现，不公开
ee746f267a22dca3,历史或后续研究方法实现，不公开
8dbea7076c83f239,历史或后续研究方法实现，不公开
5573437e34e1ef98,历史或后续研究方法实现，不公开
1c238a31d7f8675b,历史或后续研究方法实现，不公开
1fb252f53d342aa5,历史或后续研究方法实现，不公开
01b5b7dc8589038b,不属于固定顺序B2最小运行与验证闭包
7f7dc71808f317c5,不属于固定顺序B2最小运行与验证闭包
df435ed164411ade,不属于固定顺序B2最小运行与验证闭包
10dfa13b84cd57d8,不属于固定顺序B2最小运行与验证闭包
cafe70629aa2c043,不属于固定顺序B2最小运行与验证闭包
972c19ebc98c1b97,不属于固定顺序B2最小运行与验证闭包
ce11afcc89f08320,不属于固定顺序B2最小运行与验证闭包
7ee23cd5f404341c,不属于固定顺序B2最小运行与验证闭包
12e0deede54f81c8,不属于固定顺序B2最小运行与验证闭包
be30e316712f53bc,历史或后续研究方法实现，不公开
c8779b7b186ad635,历史或后续研究方法实现，不公开
0d4c252c50f22dbb,不属于固定顺序B2最小运行与验证闭包
9722d2853a922391,不属于固定顺序B2最小运行与验证闭包
5e8652fcfa21bf6e,不属于固定顺序B2最小运行与验证闭包
2d16b949130d2939,不属于固定顺序B2最小运行与验证闭包
e09978bbbe2fc9bf,历史或后续研究方法实现，不公开
ac88725b4977136b,历史或后续研究方法实现，不公开
a6a08ad94c430ea0,不属于固定顺序B2最小运行与验证闭包
099dcd56b81d37f1,不属于固定顺序B2最小运行与验证闭包
36ff9637d61583b0,历史或后续研究方法实现，不公开
6a4f5db6e28e9e3f,历史或后续研究方法实现，不公开
09899fe1df65c220,历史或后续研究方法实现，不公开
4ccf81dd0d7ac8b7,历史或后续研究方法实现，不公开
2f56389062eda3cd,不属于固定顺序B2最小运行与验证闭包
c80be84c4ea3c098,不属于固定顺序B2最小运行与验证闭包
896da11e1201b1dc,不属于固定顺序B2最小运行与验证闭包
b2d4a8074b6d4b9f,不属于固定顺序B2最小运行与验证闭包
ca59716af4fc6f86,不属于固定顺序B2最小运行与验证闭包
90640d25fe3d2faa,不属于固定顺序B2最小运行与验证闭包
2ef6feaf02c7d9dd,历史或后续研究方法实现，不公开
e2235b56b9d0265a,不属于固定顺序B2最小运行与验证闭包
27d09a4a9c398268,不属于固定顺序B2最小运行与验证闭包
137d4ece2e9a0e1b,不属于固定顺序B2最小运行与验证闭包
c209dbf62c5ecbdc,不属于固定顺序B2最小运行与验证闭包
117a3d66ba60bf4c,不属于固定顺序B2最小运行与验证闭包
103bd40538355829,不属于固定顺序B2最小运行与验证闭包
bb41d73ba201810c,不属于固定顺序B2最小运行与验证闭包
8ae2ac936c89e7de,历史或后续研究方法实现，不公开
07611e550a52e1e5,不属于固定顺序B2最小运行与验证闭包
c1c73d8e4203a663,不属于固定顺序B2最小运行与验证闭包
b862a7044d9679f4,不属于固定顺序B2最小运行与验证闭包
179f2851ebe46346,历史或后续研究方法实现，不公开
8c9657c922a35673,不属于固定顺序B2最小运行与验证闭包
d679ab0672bb6433,不属于固定顺序B2最小运行与验证闭包
0e1a2dde214101de,不属于固定顺序B2最小运行与验证闭包
c3efb9f8ea9764e4,不属于固定顺序B2最小运行与验证闭包
bcda4f05f895d760,不属于固定顺序B2最小运行与验证闭包
746f897fc9f0c509,不属于固定顺序B2最小运行与验证闭包
04cf4c7fa82c7194,不属于固定顺序B2最小运行与验证闭包
6d894e0785824cb0,不属于固定顺序B2最小运行与验证闭包
f3a5c276fcdd70bf,历史或后续研究方法实现，不公开
00a43d95d7ef9303,历史或后续研究方法实现，不公开
6da2a562d9e4339c,历史或后续研究方法实现，不公开
c9a5ad8b24e6c19b,历史或后续研究方法实现，不公开
c9df207a996bc4ab,历史或后续研究方法实现，不公开
96669e7762860c52,历史或后续研究方法实现，不公开
0bc03af5a292b15c,不属于固定顺序B2最小运行与验证闭包
123e28adb3088c83,不属于固定顺序B2最小运行与验证闭包
07d50b7ae5152042,历史或后续研究方法实现，不公开
aff79fb44c812d4d,历史或后续研究方法实现，不公开
66ba8e12b5edc53b,历史或后续研究方法实现，不公开
86d8348c6300677b,历史或后续研究方法实现，不公开
f07cf3ba61600340,不属于固定顺序B2最小运行与验证闭包
6a29db771d842ac2,不属于固定顺序B2最小运行与验证闭包
f849623ff732f089,不属于固定顺序B2最小运行与验证闭包
3a68527f210335f8,不属于固定顺序B2最小运行与验证闭包
7737d40fdcc01868,不属于固定顺序B2最小运行与验证闭包
cbe6096883849efd,不属于固定顺序B2最小运行与验证闭包
06e17cc518d09909,不属于固定顺序B2最小运行与验证闭包
e02db14ffae75e5c,不属于固定顺序B2最小运行与验证闭包
267af2a5bd56bfc2,不属于固定顺序B2最小运行与验证闭包
5e05f551ca1fc2f9,历史或后续研究方法实现，不公开
5e2b96b915cf4c8b,历史或后续研究方法实现，不公开
bc9aed1c19218ef1,不属于固定顺序B2最小运行与验证闭包
29a44060f412c4a0,不属于固定顺序B2最小运行与验证闭包
5a16fe96f47530a1,不属于固定顺序B2最小运行与验证闭包
2c6f72437aebc3bb,不属于固定顺序B2最小运行与验证闭包
8adcd77a5abb1c79,不属于固定顺序B2最小运行与验证闭包
b37b3263be4fe82b,不属于固定顺序B2最小运行与验证闭包
3196e057355b6584,不属于固定顺序B2最小运行与验证闭包
551511a5844b325e,不属于固定顺序B2最小运行与验证闭包
669352523e490fad,历史或后续研究方法实现，不公开
51f9177d332d80dd,不属于固定顺序B2最小运行与验证闭包
900edf7317bcd159,不属于固定顺序B2最小运行与验证闭包
2c3908663b7e855c,不属于固定顺序B2最小运行与验证闭包
4bc909b97b78bed0,不属于固定顺序B2最小运行与验证闭包
0366b0531461d089,不属于固定顺序B2最小运行与验证闭包
121999cc54b96a93,不属于固定顺序B2最小运行与验证闭包
7fc43c28c503704a,不属于固定顺序B2最小运行与验证闭包
45b366f9a3f22b9d,不属于固定顺序B2最小运行与验证闭包
926f1c3cfa305bdc,不属于固定顺序B2最小运行与验证闭包
bd8fc095e500620b,不属于固定顺序B2最小运行与验证闭包
d68107c4838a7add,不属于固定顺序B2最小运行与验证闭包
6292d8d68c914170,不属于固定顺序B2最小运行与验证闭包
60f6fc26b13a1dc9,历史或后续研究方法实现，不公开
3f1abe3fe6ba3da9,不属于固定顺序B2最小运行与验证闭包
a847e075c6600d06,历史或后续研究方法实现，不公开
4a960b3f4c16ac6e,不属于固定顺序B2最小运行与验证闭包
3f741c432957f5c1,历史或后续研究方法实现，不公开
828340e34fa631ae,历史或后续研究方法实现，不公开
4da93cfeb5c65b2a,历史或后续研究方法实现，不公开
a6a2e41fb68f7506,不属于固定顺序B2最小运行与验证闭包
400d08a331f6f096,不属于固定顺序B2最小运行与验证闭包
977d09b3a3523d5c,不属于固定顺序B2最小运行与验证闭包
809ed6aa67d64571,不属于固定顺序B2最小运行与验证闭包
c5b8b8745fa22bd2,不属于固定顺序B2最小运行与验证闭包
1e8822b241826765,不属于固定顺序B2最小运行与验证闭包
1c43fc99a73b4ead,不属于固定顺序B2最小运行与验证闭包
3d6efc75a5439548,不属于固定顺序B2最小运行与验证闭包
8ae7d37e0ea987f7,不属于固定顺序B2最小运行与验证闭包
b9d3dc4323a0fbf4,不属于固定顺序B2最小运行与验证闭包
c79a9521c768ed47,不属于固定顺序B2最小运行与验证闭包
d66a22e1a921e084,不属于固定顺序B2最小运行与验证闭包
2cead82940c5b43c,不属于固定顺序B2最小运行与验证闭包
e37386fd6fbcb907,不属于固定顺序B2最小运行与验证闭包
b1304bd8d6e2fa0b,不属于固定顺序B2最小运行与验证闭包
eb90fb9e70162494,不属于固定顺序B2最小运行与验证闭包
d0cd336c94dd5356,不属于固定顺序B2最小运行与验证闭包
5a4e84fcd3a2530c,不属于固定顺序B2最小运行与验证闭包
010781916068319a,不属于固定顺序B2最小运行与验证闭包
1f4ec67ba792edf9,不属于固定顺序B2最小运行与验证闭包
599a984b3bbd1ac0,不属于固定顺序B2最小运行与验证闭包
1c0894ad8d660abd,不属于固定顺序B2最小运行与验证闭包
4e8715c7a425ee52,不属于固定顺序B2最小运行与验证闭包
804f8a26e3f4edea,不属于固定顺序B2最小运行与验证闭包
da24b355349b53e4,不属于固定顺序B2最小运行与验证闭包
06e2291d88309e94,历史或后续研究方法实现，不公开
2c82332bf8edebca,历史或后续研究方法实现，不公开
d91971672a1f3a88,历史或后续研究方法实现，不公开
0a7b2964e903de20,历史或后续研究方法实现，不公开
05e44312169a7ab8,历史或后续研究方法实现，不公开
d07062b69dd8b666,历史或后续研究方法实现，不公开
1b721eab14a4edc9,历史或后续研究方法实现，不公开
ba289d75fb00f1d0,历史或后续研究方法实现，不公开
565a8cb4b591fddf,历史或后续研究方法实现，不公开
b294c9e373b0601c,历史或后续研究方法实现，不公开
448e03aae71c4ffd,历史或后续研究方法实现，不公开
f5b4787e0eeda0d7,历史或后续研究方法实现，不公开
27c4c669e6e35269,历史或后续研究方法实现，不公开
da5a8bd4c0be7029,历史或后续研究方法实现，不公开
3a6753128b20c2d3,历史或后续研究方法实现，不公开
60fb0a496fe1cd67,不属于固定顺序B2最小运行与验证闭包
5d64fbd937c8dcd3,历史或后续研究方法实现，不公开
576b8dac32cfa459,不属于固定顺序B2最小运行与验证闭包
10ba9c5548b8ffa3,不属于固定顺序B2最小运行与验证闭包
beb3dd8f24c703df,不属于固定顺序B2最小运行与验证闭包
d8c0ab052a7bfd08,不属于固定顺序B2最小运行与验证闭包
68a757ef37f14a5f,不属于固定顺序B2最小运行与验证闭包
7aa100a6a90ac139,不属于固定顺序B2最小运行与验证闭包
eaaffc2f6fe7a305,不属于固定顺序B2最小运行与验证闭包
067c73f103fde692,不属于固定顺序B2最小运行与验证闭包
f123d73fa8c44271,不属于固定顺序B2最小运行与验证闭包
ebd150c40a4f7ef0,不属于固定顺序B2最小运行与验证闭包
5c4bf053e0f81d05,不属于固定顺序B2最小运行与验证闭包
9b70b639eb3c3f37,不属于固定顺序B2最小运行与验证闭包
c0d08ac5074dcb4c,不属于固定顺序B2最小运行与验证闭包
8ee04fbb1408eef4,不属于固定顺序B2最小运行与验证闭包
7ddf68de1b8f148d,不属于固定顺序B2最小运行与验证闭包
93da8d212089205d,不属于固定顺序B2最小运行与验证闭包
c12d3ef9068973be,不属于固定顺序B2最小运行与验证闭包
8c80cbd0a28d2130,不属于固定顺序B2最小运行与验证闭包
53c4c194740978e2,不属于固定顺序B2最小运行与验证闭包
3cea86852dc1b6a4,不属于固定顺序B2最小运行与验证闭包
8b42a26085f7e92b,不属于固定顺序B2最小运行与验证闭包
d303ef98a82e72e5,不属于固定顺序B2最小运行与验证闭包
6e32f76b9a192e65,不属于固定顺序B2最小运行与验证闭包
29db2ee768b7bf91,不属于固定顺序B2最小运行与验证闭包
5c80802d0cad5fda,不属于固定顺序B2最小运行与验证闭包
89e9c7dec2d95589,不属于固定顺序B2最小运行与验证闭包
21a124ea1544b8a4,不属于固定顺序B2最小运行与验证闭包
e9e807dc6e2c89bb,不属于固定顺序B2最小运行与验证闭包
bd5d89020172362f,不属于固定顺序B2最小运行与验证闭包
21a90191bdb97242,不属于固定顺序B2最小运行与验证闭包
ea5fcb37e40af8a7,不属于固定顺序B2最小运行与验证闭包
1621fc74c64c0f15,不属于固定顺序B2最小运行与验证闭包
66a268dd8f629502,不属于固定顺序B2最小运行与验证闭包
3f44e8952621b8a2,不属于固定顺序B2最小运行与验证闭包
d2dfd53dffc7a70d,不属于固定顺序B2最小运行与验证闭包
a207a0081e6e7a68,不属于固定顺序B2最小运行与验证闭包
91902cce1749bc67,不属于固定顺序B2最小运行与验证闭包
b04e8ee0bd72fe76,不属于固定顺序B2最小运行与验证闭包
5f28971ab2ac9e68,不属于固定顺序B2最小运行与验证闭包
18752bbbae2f334c,不属于固定顺序B2最小运行与验证闭包
b367ad731087a43b,不属于固定顺序B2最小运行与验证闭包
b009f0cb2a38c4e5,不属于固定顺序B2最小运行与验证闭包
db6238da47b502e7,不属于固定顺序B2最小运行与验证闭包
bd69b279891b8d9a,不属于固定顺序B2最小运行与验证闭包
798d8f5ca758aab8,不属于固定顺序B2最小运行与验证闭包
990434fca7a64bdc,不属于固定顺序B2最小运行与验证闭包
b76ea87489ec1340,不属于固定顺序B2最小运行与验证闭包
e1969737b6b60b7d,不属于固定顺序B2最小运行与验证闭包
a48867aa6a382430,不属于固定顺序B2最小运行与验证闭包
5e7848a4e9ba6362,不属于固定顺序B2最小运行与验证闭包
737fb750926a28fe,不属于固定顺序B2最小运行与验证闭包
c9847e455c705b06,历史或后续研究方法实现，不公开
ac714cafe722b38d,历史或后续研究方法实现，不公开
d9ada33a4a095e2e,历史或后续研究方法实现，不公开
474451cbcc86985d,历史或后续研究方法实现，不公开
0926e378a19ca952,不属于固定顺序B2最小运行与验证闭包
0c11c7954480d109,不属于固定顺序B2最小运行与验证闭包
6c86d361d976e816,不属于固定顺序B2最小运行与验证闭包
50b7cefbad30290d,不属于固定顺序B2最小运行与验证闭包
48b4f6f29c883234,历史或后续研究方法实现，不公开
b489dd43e30f6387,历史或后续研究方法实现，不公开
e763815fca54ca6c,不属于固定顺序B2最小运行与验证闭包
94c9c3778fa8c956,不属于固定顺序B2最小运行与验证闭包
d988dec7b6975477,不属于固定顺序B2最小运行与验证闭包
1fb5b6677830dcf4,不属于固定顺序B2最小运行与验证闭包
ca64dc50d64ed440,不属于固定顺序B2最小运行与验证闭包
8a0de52159cd1faa,不属于固定顺序B2最小运行与验证闭包
193cc0764430bf98,不属于固定顺序B2最小运行与验证闭包
62bb5cd1407240d8,历史或后续研究方法实现，不公开
bd257bf098ab8154,历史或后续研究方法实现，不公开
ebb5b43d9cd4f4bc,历史或后续研究方法实现，不公开
47fe4324dfeeecdf,历史或后续研究方法实现，不公开
caee5473b44eaef5,历史或后续研究方法实现，不公开
3d4b51556cee0ccb,历史或后续研究方法实现，不公开
342d0a5580b6668a,不属于固定顺序B2最小运行与验证闭包
87b7c7ae9c6130ca,历史或后续研究方法实现，不公开
9d4651b9ab4f7fd2,历史或后续研究方法实现，不公开
131d5305489f25cd,历史或后续研究方法实现，不公开
a1ea573984b1cce9,历史或后续研究方法实现，不公开
8059d28cb2669de2,历史或后续研究方法实现，不公开
6ffb0f82787d96df,历史或后续研究方法实现，不公开
730c993598543166,历史或后续研究方法实现，不公开
e8f266c431a82b30,历史或后续研究方法实现，不公开
0ab67d88e5bee338,历史或后续研究方法实现，不公开
4c4f6d48ae6a15ca,历史或后续研究方法实现，不公开
60d4f8e3ea3bda11,历史或后续研究方法实现，不公开
df7e246da68829e0,历史或后续研究方法实现，不公开
1f160f901b501d1e,历史或后续研究方法实现，不公开
698ae0e91907962b,历史或后续研究方法实现，不公开
e2cd3cb2fbe83df3,历史或后续研究方法实现，不公开
0adb667cd397bd56,不属于固定顺序B2最小运行与验证闭包
083c17c9507e3594,不属于固定顺序B2最小运行与验证闭包
77e8302bada8c954,不属于固定顺序B2最小运行与验证闭包
011c152dbed49dfe,不属于固定顺序B2最小运行与验证闭包
ba21ecf837fdffdb,不属于固定顺序B2最小运行与验证闭包
665b61455e59ec92,不属于固定顺序B2最小运行与验证闭包
96f76ebab05bf201,不属于固定顺序B2最小运行与验证闭包
0a5478141b80d9a2,不属于固定顺序B2最小运行与验证闭包
6ae6f0bffc29238e,不属于固定顺序B2最小运行与验证闭包
fb9afadf71a1ef0c,不属于固定顺序B2最小运行与验证闭包
0ac5cdc78c251a98,不属于固定顺序B2最小运行与验证闭包
d0886ea3cbcf3ba2,历史或后续研究方法实现，不公开
cba4c731bf53f331,历史或后续研究方法实现，不公开
488b0c467d6e4c57,历史或后续研究方法实现，不公开
362e98e3c0614400,历史或后续研究方法实现，不公开
4cf8c544a5525859,历史或后续研究方法实现，不公开
8d094f68a0202581,历史或后续研究方法实现，不公开
4266f5acd7cbf651,历史或后续研究方法实现，不公开
3a51a5512b52da27,历史或后续研究方法实现，不公开
efdf03cf2ccb615b,历史或后续研究方法实现，不公开
86e1c21c03be8980,历史或后续研究方法实现，不公开
bc466ec04d3041a9,历史或后续研究方法实现，不公开
4bbcaeb8c8f88643,历史或后续研究方法实现，不公开
abf9c6f7e69908e2,历史或后续研究方法实现，不公开
f94e43369a24abde,历史或后续研究方法实现，不公开
06a19b2219dbf08d,历史或后续研究方法实现，不公开
875400eb8f99af75,历史或后续研究方法实现，不公开
497733905681d8b8,历史或后续研究方法实现，不公开
877ae3159b78d4f7,历史或后续研究方法实现，不公开
c824c178d271bc25,历史或后续研究方法实现，不公开
38685f2f0cc4243e,历史或后续研究方法实现，不公开
4a8f8e5d1a159848,历史或后续研究方法实现，不公开
cd3671ffcce2f533,历史或后续研究方法实现，不公开
9f484d458e7472da,历史或后续研究方法实现，不公开
c6b1718a1ff4e754,历史或后续研究方法实现，不公开
4051a7778da5b9c2,不属于固定顺序B2最小运行与验证闭包
11ea33d520fe89fc,不属于固定顺序B2最小运行与验证闭包
2097691cd0e77f13,不属于固定顺序B2最小运行与验证闭包
58a7fcb2035f7cb3,不属于固定顺序B2最小运行与验证闭包
21e03af58d04a0ba,不属于固定顺序B2最小运行与验证闭包
bd199b4de50c9b6b,不属于固定顺序B2最小运行与验证闭包
52a4fef90edde411,不属于固定顺序B2最小运行与验证闭包
f2570c5fc7b7431d,不属于固定顺序B2最小运行与验证闭包
c25645e2bd1c7b89,不属于固定顺序B2最小运行与验证闭包
aee6c5d2a75fb434,不属于固定顺序B2最小运行与验证闭包
4d3baaef42f16726,不属于固定顺序B2最小运行与验证闭包
68fd2a412bb4d054,不属于固定顺序B2最小运行与验证闭包
a779f2a03c8a1e5d,不属于固定顺序B2最小运行与验证闭包
6fc3d5937ea67ca9,不属于固定顺序B2最小运行与验证闭包
e2de49f45c5a93df,不属于固定顺序B2最小运行与验证闭包
aab940861bd29708,不属于固定顺序B2最小运行与验证闭包
dc52a583c78a393e,不属于固定顺序B2最小运行与验证闭包
5bfd2040e3890096,不属于固定顺序B2最小运行与验证闭包
04835856ad289f2c,不属于固定顺序B2最小运行与验证闭包
b1be227becdb163e,不属于固定顺序B2最小运行与验证闭包
98f2e58b9742bd8b,不属于固定顺序B2最小运行与验证闭包
49e2b86594852eec,不属于固定顺序B2最小运行与验证闭包
5a8b61f53f1753e2,不属于固定顺序B2最小运行与验证闭包
5b7dca3a22304d63,不属于固定顺序B2最小运行与验证闭包
211aad93d1dbaa2b,不属于固定顺序B2最小运行与验证闭包
0bb4fa4a12c43b07,不属于固定顺序B2最小运行与验证闭包
aef53ad564200781,不属于固定顺序B2最小运行与验证闭包
98ce9cedacfaa505,不属于固定顺序B2最小运行与验证闭包
d1f6c871346dea02,不属于固定顺序B2最小运行与验证闭包
46f3bf7d4e6ef31c,不属于固定顺序B2最小运行与验证闭包
d6150910d7eb6b70,不属于固定顺序B2最小运行与验证闭包
1e0e2c763e8bbbde,不属于固定顺序B2最小运行与验证闭包
3974614a2902ac51,不属于固定顺序B2最小运行与验证闭包
2e936876e94b1e35,不属于固定顺序B2最小运行与验证闭包
a44d571b0c6cf6b7,不属于固定顺序B2最小运行与验证闭包
1b0680e29b28f715,不属于固定顺序B2最小运行与验证闭包
fcc50fcccf964cae,不属于固定顺序B2最小运行与验证闭包
9102e4f80d2d30c5,不属于固定顺序B2最小运行与验证闭包
74320606e57d34cf,不属于固定顺序B2最小运行与验证闭包
3b3f5848e7ab6b6f,不属于固定顺序B2最小运行与验证闭包
c9196b1ccece768c,不属于固定顺序B2最小运行与验证闭包
817205c69bb36414,不属于固定顺序B2最小运行与验证闭包
f299c42b7251acf4,不属于固定顺序B2最小运行与验证闭包
d2e07c85dccd5103,历史或后续研究方法实现，不公开
82ccbab6048e97d2,历史或后续研究方法实现，不公开
113a7f905b2622db,历史或后续研究方法实现，不公开
ecd357487ef41c5f,历史或后续研究方法实现，不公开
da9ef240243bf38a,不属于固定顺序B2最小运行与验证闭包
cadc5b80473595bb,不属于固定顺序B2最小运行与验证闭包
33741cafd62c91ac,不属于固定顺序B2最小运行与验证闭包
d6b45316d339957b,不属于固定顺序B2最小运行与验证闭包
75aa2ddce567349f,不属于固定顺序B2最小运行与验证闭包
153b29a423593a7d,不属于固定顺序B2最小运行与验证闭包
c010db224bd3d425,不属于固定顺序B2最小运行与验证闭包
