run_id,source,method,seed,scenario,status,task_id,learned_classes,overall_accuracy,old_accuracy,new_accuracy,bus_accuracy,train_accuracy,wolf_accuracy,mean_old_logits,mean_new_logits,logit_gap,training_seconds,peak_gpu_memory_mb,trainable_parameters
diag_D0_seed1993_20260716T131922,D:\Pro_Experiment\github_sync\CIL-Project\cil_restart\results\raw\diag_D0_seed1993_20260716T131922.json,D0,1993,legacy_head_diagnostic,complete,0,12,14.750000834465027,6.999999809671532,100.0,0.0,100.0,,-11.280165672302246,9.115013122558594,20.39517879486084,0.5249489000052563,37.4384765625,49164
diag_D0_seed1993_20260716T131922,D:\Pro_Experiment\github_sync\CIL-Project\cil_restart\results\raw\diag_D0_seed1993_20260716T131922.json,D0,1993,legacy_head_diagnostic,complete,1,12,8.33333358168602,0.0,100.0,0.0,100.0,,-14.188666343688965,11.59896469116211,25.787631034851074,0.5249489000052563,37.4384765625,49164
diag_D0_seed1993_20260716T131922,D:\Pro_Experiment\github_sync\CIL-Project\cil_restart\results\raw\diag_D0_seed1993_20260716T131922.json,D0,1993,legacy_head_diagnostic,complete,2,12,8.33333358168602,0.0,100.0,0.0,100.0,,-14.588028907775879,12.169981002807617,26.758009910583496,0.5249489000052563,37.4384765625,49164
diag_D0_seed1993_20260716T131922,D:\Pro_Experiment\github_sync\CIL-Project\cil_restart\results\raw\diag_D0_seed1993_20260716T131922.json,D0,1993,legacy_head_diagnostic,complete,3,12,8.33333358168602,0.0,100.0,0.0,100.0,,-14.606626510620117,12.304798126220703,26.91142463684082,0.5249489000052563,37.4384765625,49164
diag_D0_seed1993_20260716T131922,D:\Pro_Experiment\github_sync\CIL-Project\cil_restart\results\raw\diag_D0_seed1993_20260716T131922.json,D0,1993,legacy_head_diagnostic,complete,4,12,8.33333358168602,0.0,100.0,0.0,100.0,,-14.598827362060547,12.342339515686035,26.941166877746582,0.5249489000052563,37.4384765625,49164
diag_D0_seed1993_20260716T131922,D:\Pro_Experiment\github_sync\CIL-Project\cil_restart\results\raw\diag_D0_seed1993_20260716T131922.json,D0,1993,legacy_head_diagnostic,complete,5,12,8.33333358168602,0.0,100.0,0.0,100.0,,-14.624185562133789,12.362486839294434,26.986672401428223,0.5249489000052563,37.4384765625,49164
diag_D0_seed1993_20260716T131950,D:\Pro_Experiment\github_sync\CIL-Project\cil_restart\results\raw\diag_D0_seed1993_20260716T131950.json,D0,1993,legacy_head_diagnostic,complete,0,12,14.750000834465027,6.999999809671532,100.0,0.0,100.0,,-11.280165672302246,9.115013122558594,20.39517879486084,0.3738366999969003,85.1884765625,49164
diag_D0_seed1993_20260716T131950,D:\Pro_Experiment\github_sync\CIL-Project\cil_restart\results\raw\diag_D0_seed1993_20260716T131950.json,D0,1993,legacy_head_diagnostic,complete,1,12,8.33333358168602,0.0,100.0,0.0,100.0,,-14.188666343688965,11.59896469116211,25.787631034851074,0.3738366999969003,85.1884765625,49164
diag_D0_seed1993_20260716T131950,D:\Pro_Experiment\github_sync\CIL-Project\cil_restart\results\raw\diag_D0_seed1993_20260716T131950.json,D0,1993,legacy_head_diagnostic,complete,2,12,8.33333358168602,0.0,100.0,0.0,100.0,,-14.588028907775879,12.169981002807617,26.758009910583496,0.3738366999969003,85.1884765625,49164
diag_D0_seed1993_20260716T131950,D:\Pro_Experiment\github_sync\CIL-Project\cil_restart\results\raw\diag_D0_seed1993_20260716T131950.json,D0,1993,legacy_head_diagnostic,complete,3,12,8.33333358168602,0.0,100.0,0.0,100.0,,-14.606626510620117,12.304798126220703,26.91142463684082,0.3738366999969003,85.1884765625,49164
diag_D0_seed1993_20260716T131950,D:\Pro_Experiment\github_sync\CIL-Project\cil_restart\results\raw\diag_D0_seed1993_20260716T131950.json,D0,1993,legacy_head_diagnostic,complete,4,12,8.33333358168602,0.0,100.0,0.0,100.0,,-14.598827362060547,12.342339515686035,26.941166877746582,0.3738366999969003,85.1884765625,49164
diag_D0_seed1993_20260716T131950,D:\Pro_Experiment\github_sync\CIL-Project\cil_restart\results\raw\diag_D0_seed1993_20260716T131950.json,D0,1993,legacy_head_diagnostic,complete,5,12,8.33333358168602,0.0,100.0,0.0,100.0,,-14.624185562133789,12.362486839294434,26.986672401428223,0.3738366999969003,85.1884765625,49164
diag_D0_seed1993_20260716T132125,D:\Pro_Experiment\github_sync\CIL-Project\cil_restart\results\raw\diag_D0_seed1993_20260716T132125.json,D0,1993,legacy_head_diagnostic,complete,0,12,14.750000834465027,6.999999809671532,100.0,0.0,100.0,,-11.280165672302246,9.115013122558594,20.39517879486084,0.39243569999962347,85.1884765625,49164
diag_D0_seed1993_20260716T132125,D:\Pro_Experiment\github_sync\CIL-Project\cil_restart\results\raw\diag_D0_seed1993_20260716T132125.json,D0,1993,legacy_head_diagnostic,complete,1,12,8.33333358168602,0.0,100.0,0.0,100.0,,-14.188666343688965,11.59896469116211,25.787631034851074,0.39243569999962347,85.1884765625,49164
diag_D0_seed1993_20260716T132125,D:\Pro_Experiment\github_sync\CIL-Project\cil_restart\results\raw\diag_D0_seed1993_20260716T132125.json,D0,1993,legacy_head_diagnostic,complete,2,12,8.33333358168602,0.0,100.0,0.0,100.0,,-14.588028907775879,12.169981002807617,26.758009910583496,0.39243569999962347,85.1884765625,49164
diag_D0_seed1993_20260716T132125,D:\Pro_Experiment\github_sync\CIL-Project\cil_restart\results\raw\diag_D0_seed1993_20260716T132125.json,D0,1993,legacy_head_diagnostic,complete,3,12,8.33333358168602,0.0,100.0,0.0,100.0,,-14.606626510620117,12.304798126220703,26.91142463684082,0.39243569999962347,85.1884765625,49164
diag_D0_seed1993_20260716T132125,D:\Pro_Experiment\github_sync\CIL-Project\cil_restart\results\raw\diag_D0_seed1993_20260716T132125.json,D0,1993,legacy_head_diagnostic,complete,4,12,8.33333358168602,0.0,100.0,0.0,100.0,,-14.598827362060547,12.342339515686035,26.941166877746582,0.39243569999962347,85.1884765625,49164
diag_D0_seed1993_20260716T132125,D:\Pro_Experiment\github_sync\CIL-Project\cil_restart\results\raw\diag_D0_seed1993_20260716T132125.json,D0,1993,legacy_head_diagnostic,complete,5,12,8.33333358168602,0.0,100.0,0.0,100.0,,-14.624185562133789,12.362486839294434,26.986672401428223,0.39243569999962347,85.1884765625,49164
diag_D1_seed1993_20260716T131922,D:\Pro_Experiment\github_sync\CIL-Project\cil_restart\results\raw\diag_D1_seed1993_20260716T131922.json,D1,1993,legacy_head_diagnostic,complete,0,12,8.33333358168602,0.0,100.0,0.0,100.0,,-5.9275922775268555,7.772850036621094,13.70044231414795,0.19838940000045113,37.4384765625,49164
diag_D1_seed1993_20260716T131922,D:\Pro_Experiment\github_sync\CIL-Project\cil_restart\results\raw\diag_D1_seed1993_20260716T131922.json,D1,1993,legacy_head_diagnostic,complete,1,12,8.33333358168602,0.0,100.0,0.0,100.0,,-7.190640926361084,9.86543083190918,17.056071758270264,0.19838940000045113,37.4384765625,49164
diag_D1_seed1993_20260716T131922,D:\Pro_Experiment\github_sync\CIL-Project\cil_restart\results\raw\diag_D1_seed1993_20260716T131922.json,D1,1993,legacy_head_diagnostic,complete,2,12,8.33333358168602,0.0,100.0,0.0,100.0,,-7.566125392913818,10.476061820983887,18.042187213897705,0.19838940000045113,37.4384765625,49164
diag_D1_seed1993_20260716T131922,D:\Pro_Experiment\github_sync\CIL-Project\cil_restart\results\raw\diag_D1_seed1993_20260716T131922.json,D1,1993,legacy_head_diagnostic,complete,3,12,8.33333358168602,0.0,100.0,0.0,100.0,,-7.758274078369141,10.738131523132324,18.496405601501465,0.19838940000045113,37.4384765625,49164
diag_D1_seed1993_20260716T131922,D:\Pro_Experiment\github_sync\CIL-Project\cil_restart\results\raw\diag_D1_seed1993_20260716T131922.json,D1,1993,legacy_head_diagnostic,complete,4,12,8.33333358168602,0.0,100.0,0.0,100.0,,-8.004945755004883,10.939064979553223,18.944010734558105,0.19838940000045113,37.4384765625,49164
diag_D1_seed1993_20260716T131922,D:\Pro_Experiment\github_sync\CIL-Project\cil_restart\results\raw\diag_D1_seed1993_20260716T131922.json,D1,1993,legacy_head_diagnostic,complete,5,12,8.500000089406967,0.18181817775422876,100.0,0.0,100.0,,-8.197660446166992,11.17343807220459,19.371098518371582,0.19838940000045113,37.4384765625,49164
diag_D1_seed1993_20260716T131950,D:\Pro_Experiment\github_sync\CIL-Project\cil_restart\results\raw\diag_D1_seed1993_20260716T131950.json,D1,1993,legacy_head_diagnostic,complete,0,12,8.33333358168602,0.0,100.0,0.0,100.0,,-5.9275922775268555,7.772850036621094,13.70044231414795,0.20454510000126902,85.1884765625,49164
diag_D1_seed1993_20260716T131950,D:\Pro_Experiment\github_sync\CIL-Project\cil_restart\results\raw\diag_D1_seed1993_20260716T131950.json,D1,1993,legacy_head_diagnostic,complete,1,12,8.33333358168602,0.0,100.0,0.0,100.0,,-7.190640926361084,9.86543083190918,17.056071758270264,0.20454510000126902,85.1884765625,49164
diag_D1_seed1993_20260716T131950,D:\Pro_Experiment\github_sync\CIL-Project\cil_restart\results\raw\diag_D1_seed1993_20260716T131950.json,D1,1993,legacy_head_diagnostic,complete,2,12,8.33333358168602,0.0,100.0,0.0,100.0,,-7.566125392913818,10.476061820983887,18.042187213897705,0.20454510000126902,85.1884765625,49164
diag_D1_seed1993_20260716T131950,D:\Pro_Experiment\github_sync\CIL-Project\cil_restart\results\raw\diag_D1_seed1993_20260716T131950.json,D1,1993,legacy_head_diagnostic,complete,3,12,8.33333358168602,0.0,100.0,0.0,100.0,,-7.758274078369141,10.738131523132324,18.496405601501465,0.20454510000126902,85.1884765625,49164
diag_D1_seed1993_20260716T131950,D:\Pro_Experiment\github_sync\CIL-Project\cil_restart\results\raw\diag_D1_seed1993_20260716T131950.json,D1,1993,legacy_head_diagnostic,complete,4,12,8.33333358168602,0.0,100.0,0.0,100.0,,-8.004945755004883,10.939064979553223,18.944010734558105,0.20454510000126902,85.1884765625,49164
diag_D1_seed1993_20260716T131950,D:\Pro_Experiment\github_sync\CIL-Project\cil_restart\results\raw\diag_D1_seed1993_20260716T131950.json,D1,1993,legacy_head_diagnostic,complete,5,12,8.500000089406967,0.18181817775422876,100.0,0.0,100.0,,-8.197660446166992,11.17343807220459,19.371098518371582,0.20454510000126902,85.1884765625,49164
diag_D1_seed1993_20260716T132125,D:\Pro_Experiment\github_sync\CIL-Project\cil_restart\results\raw\diag_D1_seed1993_20260716T132125.json,D1,1993,legacy_head_diagnostic,complete,0,12,8.33333358168602,0.0,100.0,0.0,100.0,,-5.9275922775268555,7.772850036621094,13.70044231414795,0.21169630000076722,85.1884765625,49164
diag_D1_seed1993_20260716T132125,D:\Pro_Experiment\github_sync\CIL-Project\cil_restart\results\raw\diag_D1_seed1993_20260716T132125.json,D1,1993,legacy_head_diagnostic,complete,1,12,8.33333358168602,0.0,100.0,0.0,100.0,,-7.190640926361084,9.86543083190918,17.056071758270264,0.21169630000076722,85.1884765625,49164
diag_D1_seed1993_20260716T132125,D:\Pro_Experiment\github_sync\CIL-Project\cil_restart\results\raw\diag_D1_seed1993_20260716T132125.json,D1,1993,legacy_head_diagnostic,complete,2,12,8.33333358168602,0.0,100.0,0.0,100.0,,-7.566125392913818,10.476061820983887,18.042187213897705,0.21169630000076722,85.1884765625,49164
diag_D1_seed1993_20260716T132125,D:\Pro_Experiment\github_sync\CIL-Project\cil_restart\results\raw\diag_D1_seed1993_20260716T132125.json,D1,1993,legacy_head_diagnostic,complete,3,12,8.33333358168602,0.0,100.0,0.0,100.0,,-7.758274078369141,10.738131523132324,18.496405601501465,0.21169630000076722,85.1884765625,49164
diag_D1_seed1993_20260716T132125,D:\Pro_Experiment\github_sync\CIL-Project\cil_restart\results\raw\diag_D1_seed1993_20260716T132125.json,D1,1993,legacy_head_diagnostic,complete,4,12,8.33333358168602,0.0,100.0,0.0,100.0,,-8.004945755004883,10.939064979553223,18.944010734558105,0.21169630000076722,85.1884765625,49164
diag_D1_seed1993_20260716T132125,D:\Pro_Experiment\github_sync\CIL-Project\cil_restart\results\raw\diag_D1_seed1993_20260716T132125.json,D1,1993,legacy_head_diagnostic,complete,5,12,8.500000089406967,0.18181817775422876,100.0,0.0,100.0,,-8.197660446166992,11.17343807220459,19.371098518371582,0.21169630000076722,85.1884765625,49164
diag_D2_seed1993_20260716T131922,D:\Pro_Experiment\github_sync\CIL-Project\cil_restart\results\raw\diag_D2_seed1993_20260716T131922.json,D2,1993,legacy_head_diagnostic,complete,0,12,59.08333659172058,56.90908973867243,82.99999833106995,43.99999976158142,82.99999833106995,,-3.4740960597991943,10.75072956085205,14.224825620651245,0.2103547000006074,37.4384765625,49164
diag_D2_seed1993_20260716T131922,D:\Pro_Experiment\github_sync\CIL-Project\cil_restart\results\raw\diag_D2_seed1993_20260716T131922.json,D2,1993,legacy_head_diagnostic,complete,1,12,20.16666680574417,12.909090468152003,100.0,0.0,100.0,,-3.4740960597991943,15.892239570617676,19.36633563041687,0.2103547000006074,37.4384765625,49164
diag_D2_seed1993_20260716T131922,D:\Pro_Experiment\github_sync\CIL-Project\cil_restart\results\raw\diag_D2_seed1993_20260716T131922.json,D2,1993,legacy_head_diagnostic,complete,2,12,12.749999761581421,4.818181625821373,100.0,0.0,100.0,,-3.4740960597991943,17.328359603881836,20.80245566368103,0.2103547000006074,37.4384765625,49164
diag_D2_seed1993_20260716T131922,D:\Pro_Experiment\github_sync\CIL-Project\cil_restart\results\raw\diag_D2_seed1993_20260716T131922.json,D2,1993,legacy_head_diagnostic,complete,3,12,10.41666716337204,2.2727271711284462,100.0,0.0,100.0,,-3.4740960597991943,17.770483016967773,21.244579076766968,0.2103547000006074,37.4384765625,49164
diag_D2_seed1993_20260716T131922,D:\Pro_Experiment\github_sync\CIL-Project\cil_restart\results\raw\diag_D2_seed1993_20260716T131922.json,D2,1993,legacy_head_diagnostic,complete,4,12,10.083333402872086,1.9090908156199888,100.0,0.0,100.0,,-3.4740960597991943,17.96455955505371,21.438655614852905,0.2103547000006074,37.4384765625,49164
diag_D2_seed1993_20260716T131922,D:\Pro_Experiment\github_sync\CIL-Project\cil_restart\results\raw\diag_D2_seed1993_20260716T131922.json,D2,1993,legacy_head_diagnostic,complete,5,12,9.583333879709244,1.3636363500898534,100.0,0.0,100.0,,-3.4740960597991943,18.123056411743164,21.59715247154236,0.2103547000006074,37.4384765625,49164
diag_D2_seed1993_20260716T131951,D:\Pro_Experiment\github_sync\CIL-Project\cil_restart\results\raw\diag_D2_seed1993_20260716T131951.json,D2,1993,legacy_head_diagnostic,complete,0,12,59.08333659172058,56.90908973867243,82.99999833106995,43.99999976158142,82.99999833106995,,-3.4740960597991943,10.75072956085205,14.224825620651245,0.21579499999643303,85.1884765625,49164
diag_D2_seed1993_20260716T131951,D:\Pro_Experiment\github_sync\CIL-Project\cil_restart\results\raw\diag_D2_seed1993_20260716T131951.json,D2,1993,legacy_head_diagnostic,complete,1,12,20.16666680574417,12.909090468152003,100.0,0.0,100.0,,-3.4740960597991943,15.892239570617676,19.36633563041687,0.21579499999643303,85.1884765625,49164
diag_D2_seed1993_20260716T131951,D:\Pro_Experiment\github_sync\CIL-Project\cil_restart\results\raw\diag_D2_seed1993_20260716T131951.json,D2,1993,legacy_head_diagnostic,complete,2,12,12.749999761581421,4.818181625821373,100.0,0.0,100.0,,-3.4740960597991943,17.328359603881836,20.80245566368103,0.21579499999643303,85.1884765625,49164
diag_D2_seed1993_20260716T131951,D:\Pro_Experiment\github_sync\CIL-Project\cil_restart\results\raw\diag_D2_seed1993_20260716T131951.json,D2,1993,legacy_head_diagnostic,complete,3,12,10.41666716337204,2.2727271711284462,100.0,0.0,100.0,,-3.4740960597991943,17.770483016967773,21.244579076766968,0.21579499999643303,85.1884765625,49164
diag_D2_seed1993_20260716T131951,D:\Pro_Experiment\github_sync\CIL-Project\cil_restart\results\raw\diag_D2_seed1993_20260716T131951.json,D2,1993,legacy_head_diagnostic,complete,4,12,10.083333402872086,1.9090908156199888,100.0,0.0,100.0,,-3.4740960597991943,17.96455955505371,21.438655614852905,0.21579499999643303,85.1884765625,49164
diag_D2_seed1993_20260716T131951,D:\Pro_Experiment\github_sync\CIL-Project\cil_restart\results\raw\diag_D2_seed1993_20260716T131951.json,D2,1993,legacy_head_diagnostic,complete,5,12,9.583333879709244,1.3636363500898534,100.0,0.0,100.0,,-3.4740960597991943,18.123056411743164,21.59715247154236,0.21579499999643303,85.1884765625,49164
diag_D2_seed1993_20260716T132125,D:\Pro_Experiment\github_sync\CIL-Project\cil_restart\results\raw\diag_D2_seed1993_20260716T132125.json,D2,1993,legacy_head_diagnostic,complete,0,12,59.08333659172058,56.90908973867243,82.99999833106995,43.99999976158142,82.99999833106995,,-3.4740960597991943,10.75072956085205,14.224825620651245,0.2209391000069445,85.1884765625,49164
diag_D2_seed1993_20260716T132125,D:\Pro_Experiment\github_sync\CIL-Project\cil_restart\results\raw\diag_D2_seed1993_20260716T132125.json,D2,1993,legacy_head_diagnostic,complete,1,12,20.16666680574417,12.909090468152003,100.0,0.0,100.0,,-3.4740960597991943,15.892239570617676,19.36633563041687,0.2209391000069445,85.1884765625,49164
diag_D2_seed1993_20260716T132125,D:\Pro_Experiment\github_sync\CIL-Project\cil_restart\results\raw\diag_D2_seed1993_20260716T132125.json,D2,1993,legacy_head_diagnostic,complete,2,12,12.749999761581421,4.818181625821373,100.0,0.0,100.0,,-3.4740960597991943,17.328359603881836,20.80245566368103,0.2209391000069445,85.1884765625,49164
diag_D2_seed1993_20260716T132125,D:\Pro_Experiment\github_sync\CIL-Project\cil_restart\results\raw\diag_D2_seed1993_20260716T132125.json,D2,1993,legacy_head_diagnostic,complete,3,12,10.41666716337204,2.2727271711284462,100.0,0.0,100.0,,-3.4740960597991943,17.770483016967773,21.244579076766968,0.2209391000069445,85.1884765625,49164
diag_D2_seed1993_20260716T132125,D:\Pro_Experiment\github_sync\CIL-Project\cil_restart\results\raw\diag_D2_seed1993_20260716T132125.json,D2,1993,legacy_head_diagnostic,complete,4,12,10.083333402872086,1.9090908156199888,100.0,0.0,100.0,,-3.4740960597991943,17.96455955505371,21.438655614852905,0.2209391000069445,85.1884765625,49164
diag_D2_seed1993_20260716T132125,D:\Pro_Experiment\github_sync\CIL-Project\cil_restart\results\raw\diag_D2_seed1993_20260716T132125.json,D2,1993,legacy_head_diagnostic,complete,5,12,9.583333879709244,1.3636363500898534,100.0,0.0,100.0,,-3.4740960597991943,18.123056411743164,21.59715247154236,0.2209391000069445,85.1884765625,49164
diag_D3_seed1993_20260716T131922,D:\Pro_Experiment\github_sync\CIL-Project\cil_restart\results\raw\diag_D3_seed1993_20260716T131922.json,D3,1993,legacy_head_diagnostic,complete,0,12,49.83333349227905,45.36363482475281,98.99999499320984,0.0,98.99999499320984,,-9.746423721313477,7.193029880523682,16.939453601837158,0.27559820000169566,37.4384765625,49164
diag_D3_seed1993_20260716T131922,D:\Pro_Experiment\github_sync\CIL-Project\cil_restart\results\raw\diag_D3_seed1993_20260716T131922.json,D3,1993,legacy_head_diagnostic,complete,1,12,66.00000262260437,63.63636160438711,91.99999570846558,20.999999344348907,91.99999570846558,,-9.468576431274414,4.466871738433838,13.935448169708252,0.27559820000169566,37.4384765625,49164
diag_D3_seed1993_20260716T131922,D:\Pro_Experiment\github_sync\CIL-Project\cil_restart\results\raw\diag_D3_seed1993_20260716T131922.json,D3,1993,legacy_head_diagnostic,complete,2,12,62.00000047683716,59.090908142653376,93.99999976158142,7.999999821186066,93.99999976158142,,-9.213747024536133,4.974064350128174,14.187811374664307,0.27559820000169566,37.4384765625,49164
diag_D3_seed1993_20260716T131922,D:\Pro_Experiment\github_sync\CIL-Project\cil_restart\results\raw\diag_D3_seed1993_20260716T131922.json,D3,1993,legacy_head_diagnostic,complete,3,12,59.25000309944153,56.090908023444086,93.99999976158142,7.999999821186066,93.99999976158142,,-8.883831977844238,5.162071228027344,14.045903205871582,0.27559820000169566,37.4384765625,49164
diag_D3_seed1993_20260716T131922,D:\Pro_Experiment\github_sync\CIL-Project\cil_restart\results\raw\diag_D3_seed1993_20260716T131922.json,D3,1993,legacy_head_diagnostic,complete,4,12,62.99999952316284,60.09090820496733,94.9999988079071,7.000000029802322,94.9999988079071,,-8.473159790039062,4.882665157318115,13.355824947357178,0.27559820000169566,37.4384765625,49164
diag_D3_seed1993_20260716T131922,D:\Pro_Experiment\github_sync\CIL-Project\cil_restart\results\raw\diag_D3_seed1993_20260716T131922.json,D3,1993,legacy_head_diagnostic,complete,5,12,61.666667461395264,58.72727063569155,93.99999976158142,9.999999403953552,93.99999976158142,,-8.699979782104492,4.833520889282227,13.533500671386719,0.27559820000169566,37.4384765625,49164
diag_D3_seed1993_20260716T131951,D:\Pro_Experiment\github_sync\CIL-Project\cil_restart\results\raw\diag_D3_seed1993_20260716T131951.json,D3,1993,legacy_head_diagnostic,complete,0,12,49.83333349227905,45.36363482475281,98.99999499320984,0.0,98.99999499320984,,-9.746423721313477,7.193029880523682,16.939453601837158,0.26467979999870295,85.1884765625,49164
diag_D3_seed1993_20260716T131951,D:\Pro_Experiment\github_sync\CIL-Project\cil_restart\results\raw\diag_D3_seed1993_20260716T131951.json,D3,1993,legacy_head_diagnostic,complete,1,12,66.00000262260437,63.63636160438711,91.99999570846558,20.999999344348907,91.99999570846558,,-9.468576431274414,4.466871738433838,13.935448169708252,0.26467979999870295,85.1884765625,49164
diag_D3_seed1993_20260716T131951,D:\Pro_Experiment\github_sync\CIL-Project\cil_restart\results\raw\diag_D3_seed1993_20260716T131951.json,D3,1993,legacy_head_diagnostic,complete,2,12,62.00000047683716,59.090908142653376,93.99999976158142,7.999999821186066,93.99999976158142,,-9.213747024536133,4.974064350128174,14.187811374664307,0.26467979999870295,85.1884765625,49164
diag_D3_seed1993_20260716T131951,D:\Pro_Experiment\github_sync\CIL-Project\cil_restart\results\raw\diag_D3_seed1993_20260716T131951.json,D3,1993,legacy_head_diagnostic,complete,3,12,59.25000309944153,56.090908023444086,93.99999976158142,7.999999821186066,93.99999976158142,,-8.883831977844238,5.162071228027344,14.045903205871582,0.26467979999870295,85.1884765625,49164
diag_D3_seed1993_20260716T131951,D:\Pro_Experiment\github_sync\CIL-Project\cil_restart\results\raw\diag_D3_seed1993_20260716T131951.json,D3,1993,legacy_head_diagnostic,complete,4,12,62.99999952316284,60.09090820496733,94.9999988079071,7.000000029802322,94.9999988079071,,-8.473159790039062,4.882665157318115,13.355824947357178,0.26467979999870295,85.1884765625,49164
diag_D3_seed1993_20260716T131951,D:\Pro_Experiment\github_sync\CIL-Project\cil_restart\results\raw\diag_D3_seed1993_20260716T131951.json,D3,1993,legacy_head_diagnostic,complete,5,12,61.666667461395264,58.72727063569155,93.99999976158142,9.999999403953552,93.99999976158142,,-8.699979782104492,4.833520889282227,13.533500671386719,0.26467979999870295,85.1884765625,49164
diag_D3_seed1993_20260716T132126,D:\Pro_Experiment\github_sync\CIL-Project\cil_restart\results\raw\diag_D3_seed1993_20260716T132126.json,D3,1993,legacy_head_diagnostic,complete,0,12,49.83333349227905,45.36363482475281,98.99999499320984,0.0,98.99999499320984,,-9.746423721313477,7.193029880523682,16.939453601837158,0.29910770000424236,85.1884765625,49164
diag_D3_seed1993_20260716T132126,D:\Pro_Experiment\github_sync\CIL-Project\cil_restart\results\raw\diag_D3_seed1993_20260716T132126.json,D3,1993,legacy_head_diagnostic,complete,1,12,66.00000262260437,63.63636160438711,91.99999570846558,20.999999344348907,91.99999570846558,,-9.468576431274414,4.466871738433838,13.935448169708252,0.29910770000424236,85.1884765625,49164
diag_D3_seed1993_20260716T132126,D:\Pro_Experiment\github_sync\CIL-Project\cil_restart\results\raw\diag_D3_seed1993_20260716T132126.json,D3,1993,legacy_head_diagnostic,complete,2,12,62.00000047683716,59.090908142653376,93.99999976158142,7.999999821186066,93.99999976158142,,-9.213747024536133,4.974064350128174,14.187811374664307,0.29910770000424236,85.1884765625,49164
diag_D3_seed1993_20260716T132126,D:\Pro_Experiment\github_sync\CIL-Project\cil_restart\results\raw\diag_D3_seed1993_20260716T132126.json,D3,1993,legacy_head_diagnostic,complete,3,12,59.25000309944153,56.090908023444086,93.99999976158142,7.999999821186066,93.99999976158142,,-8.883831977844238,5.162071228027344,14.045903205871582,0.29910770000424236,85.1884765625,49164
diag_D3_seed1993_20260716T132126,D:\Pro_Experiment\github_sync\CIL-Project\cil_restart\results\raw\diag_D3_seed1993_20260716T132126.json,D3,1993,legacy_head_diagnostic,complete,4,12,62.99999952316284,60.09090820496733,94.9999988079071,7.000000029802322,94.9999988079071,,-8.473159790039062,4.882665157318115,13.355824947357178,0.29910770000424236,85.1884765625,49164
diag_D3_seed1993_20260716T132126,D:\Pro_Experiment\github_sync\CIL-Project\cil_restart\results\raw\diag_D3_seed1993_20260716T132126.json,D3,1993,legacy_head_diagnostic,complete,5,12,61.666667461395264,58.72727063569155,93.99999976158142,9.999999403953552,93.99999976158142,,-8.699979782104492,4.833520889282227,13.533500671386719,0.29910770000424236,85.1884765625,49164
diag_D4_seed1993_20260716T131923,D:\Pro_Experiment\github_sync\CIL-Project\cil_restart\results\raw\diag_D4_seed1993_20260716T131923.json,D4,1993,legacy_head_diagnostic,complete,0,12,49.50000047683716,44.999999078837305,98.99999499320984,0.0,98.99999499320984,,-9.785573959350586,7.2396087646484375,17.025182723999023,0.6806025999976555,37.4384765625,49164
diag_D4_seed1993_20260716T131923,D:\Pro_Experiment\github_sync\CIL-Project\cil_restart\results\raw\diag_D4_seed1993_20260716T131923.json,D4,1993,legacy_head_diagnostic,complete,1,12,65.9166693687439,63.54545314203609,91.99999570846558,20.999999344348907,91.99999570846558,,-9.552711486816406,4.510042190551758,14.062753677368164,0.6806025999976555,37.4384765625,49164
diag_D4_seed1993_20260716T131923,D:\Pro_Experiment\github_sync\CIL-Project\cil_restart\results\raw\diag_D4_seed1993_20260716T131923.json,D4,1993,legacy_head_diagnostic,complete,2,12,61.83333396911621,58.90908959237012,93.99999976158142,7.999999821186066,93.99999976158142,,-9.36893367767334,5.013521671295166,14.382455348968506,0.6806025999976555,37.4384765625,49164
diag_D4_seed1993_20260716T131923,D:\Pro_Experiment\github_sync\CIL-Project\cil_restart\results\raw\diag_D4_seed1993_20260716T131923.json,D4,1993,legacy_head_diagnostic,complete,3,12,58.75000357627869,55.54545264352452,93.99999976158142,7.999999821186066,93.99999976158142,,-9.115159034729004,5.196516036987305,14.311675071716309,0.6806025999976555,37.4384765625,49164
diag_D4_seed1993_20260716T131923,D:\Pro_Experiment\github_sync\CIL-Project\cil_restart\results\raw\diag_D4_seed1993_20260716T131923.json,D4,1993,legacy_head_diagnostic,complete,4,12,62.833333015441895,59.90909073840488,94.9999988079071,7.000000029802322,94.9999988079071,,-8.73530101776123,4.917539119720459,13.65284013748169,0.6806025999976555,37.4384765625,49164
diag_D4_seed1993_20260716T131923,D:\Pro_Experiment\github_sync\CIL-Project\cil_restart\results\raw\diag_D4_seed1993_20260716T131923.json,D4,1993,legacy_head_diagnostic,complete,5,12,61.83333396911621,58.909089185974814,93.99999976158142,9.999999403953552,93.99999976158142,,-8.914960861206055,4.861904621124268,13.776865482330322,0.6806025999976555,37.4384765625,49164
diag_D4_seed1993_20260716T131951,D:\Pro_Experiment\github_sync\CIL-Project\cil_restart\results\raw\diag_D4_seed1993_20260716T131951.json,D4,1993,legacy_head_diagnostic,complete,0,12,49.50000047683716,44.999999078837305,98.99999499320984,0.0,98.99999499320984,,-9.785573959350586,7.2396087646484375,17.025182723999023,0.614008600001398,85.1884765625,49164
diag_D4_seed1993_20260716T131951,D:\Pro_Experiment\github_sync\CIL-Project\cil_restart\results\raw\diag_D4_seed1993_20260716T131951.json,D4,1993,legacy_head_diagnostic,complete,1,12,65.9166693687439,63.54545314203609,91.99999570846558,20.999999344348907,91.99999570846558,,-9.552711486816406,4.510042190551758,14.062753677368164,0.614008600001398,85.1884765625,49164
diag_D4_seed1993_20260716T131951,D:\Pro_Experiment\github_sync\CIL-Project\cil_restart\results\raw\diag_D4_seed1993_20260716T131951.json,D4,1993,legacy_head_diagnostic,complete,2,12,61.83333396911621,58.90908959237012,93.99999976158142,7.999999821186066,93.99999976158142,,-9.36893367767334,5.013521671295166,14.382455348968506,0.614008600001398,85.1884765625,49164
diag_D4_seed1993_20260716T131951,D:\Pro_Experiment\github_sync\CIL-Project\cil_restart\results\raw\diag_D4_seed1993_20260716T131951.json,D4,1993,legacy_head_diagnostic,complete,3,12,58.75000357627869,55.54545264352452,93.99999976158142,7.999999821186066,93.99999976158142,,-9.115159034729004,5.196516036987305,14.311675071716309,0.614008600001398,85.1884765625,49164
diag_D4_seed1993_20260716T131951,D:\Pro_Experiment\github_sync\CIL-Project\cil_restart\results\raw\diag_D4_seed1993_20260716T131951.json,D4,1993,legacy_head_diagnostic,complete,4,12,62.833333015441895,59.90909073840488,94.9999988079071,7.000000029802322,94.9999988079071,,-8.73530101776123,4.917539119720459,13.65284013748169,0.614008600001398,85.1884765625,49164
diag_D4_seed1993_20260716T131951,D:\Pro_Experiment\github_sync\CIL-Project\cil_restart\results\raw\diag_D4_seed1993_20260716T131951.json,D4,1993,legacy_head_diagnostic,complete,5,12,61.83333396911621,58.909089185974814,93.99999976158142,9.999999403953552,93.99999976158142,,-8.914960861206055,4.861904621124268,13.776865482330322,0.614008600001398,85.1884765625,49164
diag_D4_seed1993_20260716T132126,D:\Pro_Experiment\github_sync\CIL-Project\cil_restart\results\raw\diag_D4_seed1993_20260716T132126.json,D4,1993,legacy_head_diagnostic,complete,0,12,49.50000047683716,44.999999078837305,98.99999499320984,0.0,98.99999499320984,,-9.785573959350586,7.2396087646484375,17.025182723999023,0.5738753999976325,85.1884765625,49164
diag_D4_seed1993_20260716T132126,D:\Pro_Experiment\github_sync\CIL-Project\cil_restart\results\raw\diag_D4_seed1993_20260716T132126.json,D4,1993,legacy_head_diagnostic,complete,1,12,65.9166693687439,63.54545314203609,91.99999570846558,20.999999344348907,91.99999570846558,,-9.552711486816406,4.510042190551758,14.062753677368164,0.5738753999976325,85.1884765625,49164
diag_D4_seed1993_20260716T132126,D:\Pro_Experiment\github_sync\CIL-Project\cil_restart\results\raw\diag_D4_seed1993_20260716T132126.json,D4,1993,legacy_head_diagnostic,complete,2,12,61.83333396911621,58.90908959237012,93.99999976158142,7.999999821186066,93.99999976158142,,-9.36893367767334,5.013521671295166,14.382455348968506,0.5738753999976325,85.1884765625,49164
diag_D4_seed1993_20260716T132126,D:\Pro_Experiment\github_sync\CIL-Project\cil_restart\results\raw\diag_D4_seed1993_20260716T132126.json,D4,1993,legacy_head_diagnostic,complete,3,12,58.75000357627869,55.54545264352452,93.99999976158142,7.999999821186066,93.99999976158142,,-9.115159034729004,5.196516036987305,14.311675071716309,0.5738753999976325,85.1884765625,49164
diag_D4_seed1993_20260716T132126,D:\Pro_Experiment\github_sync\CIL-Project\cil_restart\results\raw\diag_D4_seed1993_20260716T132126.json,D4,1993,legacy_head_diagnostic,complete,4,12,62.833333015441895,59.90909073840488,94.9999988079071,7.000000029802322,94.9999988079071,,-8.73530101776123,4.917539119720459,13.65284013748169,0.5738753999976325,85.1884765625,49164
diag_D4_seed1993_20260716T132126,D:\Pro_Experiment\github_sync\CIL-Project\cil_restart\results\raw\diag_D4_seed1993_20260716T132126.json,D4,1993,legacy_head_diagnostic,complete,5,12,61.83333396911621,58.909089185974814,93.99999976158142,9.999999403953552,93.99999976158142,,-8.914960861206055,4.861904621124268,13.776865482330322,0.5738753999976325,85.1884765625,49164
